<?xml version="1.0" encoding="utf-8"?>

<!-- optional external resource used when ReadPropertyMultiple not implemented, override an internal default description file
OBJECT_IDENTIFIER, OBJECT_NAME & OBJECT_TYPE not here since they're required by all
-->

<ArrayOfBacnetObjectDescription xmlns:xsi="http://www.w3.org/2001/XMLSchema-instance" xmlns:xsd="http://www.w3.org/2001/XMLSchema">
  <BacnetObjectDescription>
    <typeId>OBJECT_PROGRAM</typeId>
    <propsId>
      <BacnetPropertyIds>PROP_PROGRAM_STATE</BacnetPropertyIds>
      <BacnetPropertyIds>PROP_PROGRAM_CHANGE</BacnetPropertyIds>
      <BacnetPropertyIds>PROP_STATUS_FLAGS</BacnetPropertyIds>
      <BacnetPropertyIds>PROP_OUT_OF_SERVICE</BacnetPropertyIds>
      <BacnetPropertyIds>PROP_DESCRIPTION</BacnetPropertyIds>
    </propsId>
  </BacnetObjectDescription>
</ArrayOfBacnetObjectDescription>
